Hanoi date,Hanoi time,Group,Match,Venue,Event duration hours,UK source date/time
2026-06-12,02:00,Group A,Mexico vs South Africa,"Mexico City, Mexico",2.0,"Thursday, June 11, 8pm"
2026-06-12,09:00,Group A,South Korea vs Czech Republic,"Zapopan, Mexico",2.0,"Friday, June 12, 3am"
2026-06-13,02:00,Group B,Canada vs Bosnia & Herzegovina,"Toronto, Canada",2.0,"Friday, June 12, 8pm"
2026-06-13,08:00,Group D,USA vs Paraguay,"Los Angeles, USA",2.0,"Saturday, June 13, 2am"
2026-06-14,02:00,Group B,Qatar vs Switzerland,"Santa Clara, USA",2.0,"Saturday, June 13, 8pm"
2026-06-14,05:00,Group C,Brazil vs Morocco,"New Jersey, USA",2.0,"Saturday, June 13, 11pm"
2026-06-14,08:00,Group C,Haiti vs Scotland,"Foxborough, USA",2.0,"Sunday, June 14, 2am"
2026-06-14,11:00,Group D,Australia vs Turkey,"Vancouver, Canada",2.0,"Sunday, June 14, 5am"
2026-06-15,00:00,Group E,Germany vs Curacao,"Houston, USA",2.0,"Sunday, June 14, 6pm"
2026-06-15,03:00,Group F,Netherlands vs Japan,"Arlington, USA",2.0,"Sunday, June 14, 9pm"
2026-06-15,06:00,Group E,Ivory Coast vs Ecuador,"Philadelphia, USA",2.0,"Monday, June 15, 12am"
2026-06-15,09:00,Group F,Sweden vs Tunisia,"Guadalupe, Mexico",2.0,"Monday, June 15, 3am"
2026-06-15,23:00,Group H,Spain vs Cape Verde,"Atlanta, USA",2.0,"Monday, June 15, 5pm"
2026-06-16,02:00,Group G,Belgium vs Egypt,"Seattle, USA",2.0,"Monday, June 15, 8pm"
2026-06-16,05:00,Group H,Saudi Arabia vs Uruguay,"Miami, USA",2.0,"Monday, June 15, 11pm"
2026-06-16,08:00,Group G,Iran vs New Zealand,"Los Angeles, USA",2.0,"Tuesday, June 16, 2am"
2026-06-17,02:00,Group I,France vs Senegal,"New Jersey, USA",2.0,"Tuesday, June 16, 8pm"
2026-06-17,05:00,Group I,Iraq vs Norway,"Foxborough, USA",2.0,"Tuesday, June 16, 11pm"
2026-06-17,08:00,Group J,Argentina vs Algeria,"Kansas City, USA",2.0,"Wednesday, June 17, 2am"
2026-06-17,11:00,Group J,Austria vs Jordan,"Santa Clara, USA",2.0,"Wednesday, June 17, 5am"
2026-06-18,00:00,Group K,Portugal vs DR Congo,"Houston, USA",2.0,"Wednesday, June 17, 6pm"
2026-06-18,03:00,Group L,England vs Croatia,"Arlington, USA",2.0,"Wednesday, June 17, 9pm"
2026-06-18,06:00,Group L,Ghana vs Panama,"Toronto, Canada",2.0,"Thursday, June 18, 12am"
2026-06-18,09:00,Group K,Uzbekistan vs Colombia,"Mexico City, Mexico",2.0,"Thursday, June 18, 3am"
2026-06-18,23:00,Group A,Czech Republic vs South Africa,"Atlanta, USA",2.0,"Thursday, June 18, 5pm"
2026-06-19,02:00,Group B,Switzerland vs Bosnia & Herzegovina,"Los Angeles, USA",2.0,"Thursday, June 18, 8pm"
2026-06-19,05:00,Group B,Canada vs Qatar,"Vancouver, Canada",2.0,"Thursday, June 18, 11pm"
2026-06-19,08:00,Group A,Mexico vs South Korea,"Zapopan, Mexico",2.0,"Friday, June 19, 2am"
2026-06-20,02:00,Group D,USA vs Australia,"Seattle, USA",2.0,"Friday, June 19, 8pm"
2026-06-20,05:00,Group C,Scotland vs Morocco,"Foxborough, USA",2.0,"Friday, June 19, 11pm"
2026-06-20,07:30,Group C,Brazil vs Haiti,"Philadelphia, USA",2.0,"Saturday, June 20, 1.30am"
2026-06-20,10:00,Group D,Turkey vs Paraguay,"Santa Clara, USA",2.0,"Saturday, June 20, 4am"
2026-06-21,00:00,Group F,Netherlands vs Sweden,"Houston, USA",2.0,"Saturday, June 20, 6pm"
2026-06-21,03:00,Group E,Germany vs Ivory Coast,"Toronto, Canada",2.0,"Saturday, June 20, 9pm"
2026-06-21,07:00,Group E,Ecuador vs Curacao,"Kansas City, USA",2.0,"Sunday, June 21, 1am"
2026-06-21,11:00,Group F,Tunisia vs Japan,"Guadalupe, Mexico",2.0,"Sunday, June 21, 5am"
2026-06-21,23:00,Group H,Spain vs Saudi Arabia,"Atlanta, USA",2.0,"Sunday, June 21, 5pm"
2026-06-22,02:00,Group G,Belgium vs Iran,"Los Angeles, USA",2.0,"Sunday, June 21, 8pm"
2026-06-22,05:00,Group H,Uruguay vs Cape Verde,"Miami, USA",2.0,"Sunday, June 21, 11pm"
2026-06-22,08:00,Group G,New Zealand vs Egypt,"Vancouver, Canada",2.0,"Monday, June 22, 2am"
2026-06-23,00:00,Group J,Argentina vs Austria,"Arlington, USA",2.0,"Monday, June 22, 6pm"
2026-06-23,04:00,Group I,France vs Iraq,"Philadelphia, USA",2.0,"Monday, June 22, 10pm"
2026-06-23,07:00,Group I,Norway vs Senegal,"Toronto, Canada",2.0,"Tuesday, June 23, 1am"
2026-06-23,10:00,Group J,Jordan vs Algeria,"Santa Clara, USA",2.0,"Tuesday, June 23, 4am"
2026-06-24,00:00,Group K,Portugal vs Uzbekistan,"Houston, USA",2.0,"Tuesday, June 23, 6pm"
2026-06-24,03:00,Group L,England vs Ghana,"Foxborough, USA",2.0,"Tuesday, June 23, 9pm"
2026-06-24,06:00,Group L,Panama vs Croatia,"Foxborough, USA",2.0,"Wednesday, June 24, 12am"
2026-06-24,09:00,Group K,Colombia vs DR Congo,"Zapopan, Mexico",2.0,"Wednesday, June 24, 3am"
2026-06-25,02:00,Group B,Switzerland vs Canada,"Vancouver, Canada",2.0,"Wednesday, June 24, 8pm"
2026-06-25,02:00,Group B,Bosnia & Herzegovina vs Qatar,"Seattle, USA",2.0,"Wednesday, June 24, 8pm"
2026-06-25,05:00,Group C,Morocco vs Haiti,"Atlanta, USA",2.0,"Wednesday, June 24, 11pm"
2026-06-25,05:00,Group C,Scotland vs Brazil,"Miami, USA",2.0,"Wednesday, June 24, 11pm"
2026-06-25,08:00,Group A,South Africa vs South Korea,"Guadalupe, Mexico",2.0,"Thursday, June 25, 2am"
2026-06-25,08:00,Group A,Czech Republic vs Mexico,"Mexico City, Mexico",2.0,"Thursday, June 25, 2am"
2026-06-26,03:00,Group E,Curacao vs Ivory Coast,"Philadelphia, USA",2.0,"Thursday, June 25, 9pm"
2026-06-26,03:00,Group E,Ecuador vs Germany,"New Jersey, USA",2.0,"Thursday, June 25, 9pm"
2026-06-26,06:00,Group F,Tunisia vs Netherlands,"Kansas City, USA",2.0,"Friday, June 26, 12am"
2026-06-26,06:00,Group F,Japan vs Sweden,"Arlington, USA",2.0,"Friday, June 26, 12am"
2026-06-26,09:00,Group D,Turkey vs USA,"Los Angeles, USA",2.0,"Friday, June 26, 3am"
2026-06-26,09:00,Group D,Paraguay vs Australia,"Santa Clara, USA",2.0,"Friday, June 26, 3am"
2026-06-27,02:00,Group I,Norway vs France,"Foxborough, USA",2.0,"Friday, June 26, 8pm"
2026-06-27,02:00,Group I,Senegal vs Iraq,"Toronto, Canada",2.0,"Friday, June 26, 8pm"
2026-06-27,07:00,Group H,Cape Verde vs Saudi Arabia,"Houston, USA",2.0,"Saturday, June 27, 1am"
2026-06-27,07:00,Group H,Uruguay vs Spain,"Zapopan, Mexico",2.0,"Saturday, June 27, 1am"
2026-06-27,10:00,Group G,New Zealand vs Belgium,"Vancouver, Canada",2.0,"Saturday, June 27, 4am"
2026-06-27,10:00,Group G,Egypt vs Iran,"Seattle, USA",2.0,"Saturday, June 27, 4am"
2026-06-28,04:00,Group L,Panama vs England,"New Jersey, USA",2.0,"Saturday, June 27, 10pm"
2026-06-28,04:00,Group L,Croatia vs Ghana,"Philadelphia, USA",2.0,"Saturday, June 27, 10pm"
2026-06-28,06:30,Group K,Colombia vs Portugal,"Miami, USA",2.0,"Sunday, June 28, 12.30am"
2026-06-28,06:30,Group K,DR Congo vs Uzbekistan,"Atlanta, USA",2.0,"Sunday, June 28, 12.30am"
2026-06-28,09:00,Group J,Algeria vs Austria,"Kansas City, USA",2.0,"Sunday, June 28, 3am"
2026-06-28,09:00,Group J,Jordan vs Argentina,"Arlington, USA",2.0,"Sunday, June 28, 3am"
